﻿<?xml version="1.0"?>
<doc>
	<assembly>
		<name>UnityScript.Lang</name>
	</assembly>
	<members>
		<member name="T:UnityScript.Lang.Array">
			<summary>Arrays allow you to store multiple objects in a single variable.</summary>
		</member>
		<member name="P:UnityScript.Lang.Array.length">
			<summary>The length property that returns or sets the number of elements in the Array.</summary>
		</member>
		<member name="M:UnityScript.Lang.Array.clear()">
			<summary>Empties the array. The length of the array will be zero.</summary>
		</member>
		<member name="M:UnityScript.Lang.Array.Add(System.Object,System.Object[])">
			<summary>Adds value to the end of the array.</summary>
		</member>
		<member name="M:UnityScript.Lang.Array.Add(System.Object)">
			<summary>Adds value to the end of the array.</summary>
		</member>
		<member name="M:UnityScript.Lang.Array.Push(System.Object,System.Object[])">
			<summary>Adds value to the end of the array.</summary>
		</member>
		<member name="M:UnityScript.Lang.Array.push(System.Object,System.Object[])">
			<summary>Adds value to the end of the array.</summary>
		</member>
		<member name="M:UnityScript.Lang.Array.push(System.Object)">
			<summary>Adds value to the end of the array.</summary>
		</member>
		<member name="M:UnityScript.Lang.Array.Push(System.Object)">
			<summary>Adds value to the end of the array.</summary>
		</member>
		<member name="M:UnityScript.Lang.Array.Unshift(System.Object,System.Object[])">
			<summary>Unshift adds one or more elements to the beginning of an array and returns the new length of the array.</summary>
		</member>
		<member name="M:UnityScript.Lang.Array.unshift(System.Object,System.Object[])">
			<summary>Unshift adds one or more elements to the beginning of an array and returns the new length of the array.</summary>
		</member>
		<member name="M:UnityScript.Lang.Array.Concat(System.Collections.ICollection,System.Object[])">
			<summary>Concat joins two or more arrays.</summary>
		</member>
		<member name="M:UnityScript.Lang.Array.concat(System.Collections.ICollection,System.Object[])">
			<summary>Concat joins two or more arrays.</summary>
		</member>
		<member name="M:UnityScript.Lang.Array.Pop()">
			<summary>Removes the last element of the array and returns it.</summary>
		</member>
		<member name="M:UnityScript.Lang.Array.pop()">
			<summary>Removes the last element of the array and returns it.</summary>
		</member>
		<member name="M:UnityScript.Lang.Array.Shift()">
			<summary>Removes the first element of the array and returns it.</summary>
		</member>
		<member name="M:UnityScript.Lang.Array.shift()">
			<summary>Removes the first element of the array and returns it.</summary>
		</member>
		<member name="M:UnityScript.Lang.Array.Sort(UnityScript.Lang.Array.Comparison)">
			<summary>Sorts all Array elements.</summary>
		</member>
		<member name="M:UnityScript.Lang.Array.sort(UnityScript.Lang.Array.Comparison)">
			<summary>Sorts all Array elements.</summary>
		</member>
		<member name="M:UnityScript.Lang.Array.Sort()">
			<summary>Sorts all Array elements.</summary>
		</member>
		<member name="M:UnityScript.Lang.Array.sort()">
			<summary>Sorts all Array elements.</summary>
		</member>
		<member name="M:UnityScript.Lang.Array.Join(System.String)">
			<summary>Joins the contents of an array into one string.</summary>
		</member>
		<member name="M:UnityScript.Lang.Array.join(System.String)">
			<summary>Joins the contents of an array into one string.</summary>
		</member>
	</members>
</doc>
